type,name,file_path
box,Caixa Petita,boxes/box_small.stp
box,Caixa Gran,boxes/box_large.stp
object,Caixa Petita,objects/caixa_petita.stp
object,Component Electr√≤nic,objects/component_electronic.stp
object,Llibre Gran,objects/llibre_gran.stp
object,Llibre Petit,objects/llibre_petit.stp
object,Paquet Amazon,objects/paquet_amazon.stp
object,Test-STP TONI,C:/Users/ocanillas/Downloads/646812800A.stp
box,Caixa,C:/Users/ocanillas/GitHub/PackAssist/SOME-PackagingAssistant/data/custom/custom_dimensions.json
